race_car,race_car,race_car,race_car,race_car,race_car,race_car,race_car,race_car,race_car,race_car,race_car,race_car,race_car
race_car,race_car,race_car,race_car,race_car,race_car,race_car,race_car,race_car,race_car,race_car,race_car,race_car,race_car
race_car,race_car,race_car,race_car,race_car,race_car,race_car,race_car,race_car,race_car,race_car,race_car,race_car,race_car
race_car,race_car,race_car,race_car,race_car,race_car,race_car,race_car,race_car,race_car,race_car,race_car,race_car,race_car
race_car,race_car,race_car,race_car,race_car,race_car,race_car,race_car,race_car,race_car,race_car,race_car,race_car,race_car
race_car,race_car,race_car,race_car,race_car,race_car,race_car,race_car,race_car,race_car,race_car,race_car,race_car,race_car
race_car,race_car,race_car,race_car,race_car,race_car,race_car,race_car,race_car,race_car,race_car,race_car,race_car,race_car
race_car,race_car,race_car,race_car,placeholder,placeholder,placeholder,placeholder,placeholder,race_car,race_car,race_car,race_car,race_car
race_car,race_car,race_car,race_car,placeholder,placeholder,placeholder,placeholder,placeholder,placeholder,placeholder,placeholder,race_car,race_car
race_car,race_car,race_car,race_car,placeholder,placeholder,placeholder,placeholder,placeholder,placeholder,placeholder,placeholder,race_car,race_car
race_car,race_car,race_car,race_car,placeholder,placeholder,placeholder,placeholder,placeholder,placeholder,placeholder,placeholder,race_car,race_car
race_car,race_car,race_car,race_car,placeholder,placeholder,placeholder,placeholder,placeholder,placeholder,placeholder,placeholder,race_car,race_car
race_car,race_car,race_car,race_car,placeholder,placeholder,placeholder,placeholder,placeholder,placeholder,placeholder,placeholder,race_car,race_car
race_car,race_car,race_car,race_car,placeholder,placeholder,placeholder,placeholder,placeholder,placeholder,placeholder,placeholder,race_car,race_car
race_car,race_car,race_car,race_car,placeholder,placeholder,race_car,race_car,placeholder,placeholder,placeholder,placeholder,race_car,race_car
race_car,race_car,race_car,race_car,placeholder,placeholder,race_car,race_car,placeholder,placeholder,placeholder,placeholder,race_car,race_car
race_car,race_car,race_car,race_car,placeholder,placeholder,race_car,race_car,placeholder,placeholder,placeholder,placeholder,race_car,race_car
race_car,race_car,race_car,race_car,placeholder,placeholder,race_car,race_car,placeholder,placeholder,placeholder,placeholder,race_car,race_car
race_car,race_car,race_car,race_car,placeholder,placeholder,race_car,race_car,placeholder,placeholder,placeholder,placeholder,race_car,race_car
race_car,race_car,race_car,race_car,placeholder,placeholder,race_car,race_car,placeholder,placeholder,placeholder,placeholder,race_car,race_car
race_car,placeholder,placeholder,placeholder,placeholder,placeholder,race_car,race_car,placeholder,placeholder,placeholder,placeholder,race_car,race_car
race_car,placeholder,placeholder,placeholder,placeholder,placeholder,race_car,race_car,placeholder,placeholder,placeholder,placeholder,race_car,race_car
race_car,placeholder,placeholder,placeholder,placeholder,placeholder,race_car,race_car,placeholder,placeholder,placeholder,placeholder,race_car,race_car
race_car,placeholder,placeholder,placeholder,race_car,race_car,race_car,race_car,placeholder,placeholder,placeholder,placeholder,race_car,race_car
race_car,placeholder,placeholder,placeholder,race_car,race_car,race_car,race_car,placeholder,placeholder,placeholder,placeholder,race_car,race_car
race_car,placeholder,placeholder,placeholder,race_car,race_car,race_car,race_car,placeholder,placeholder,placeholder,placeholder,race_car,race_car
race_car,placeholder,placeholder,placeholder,race_car,race_car,race_car,race_car,placeholder,placeholder,placeholder,placeholder,race_car,race_car
race_car,placeholder,placeholder,placeholder,race_car,race_car,race_car,race_car,placeholder,placeholder,placeholder,placeholder,race_car,race_car
race_car,placeholder,placeholder,placeholder,race_car,race_car,race_car,race_car,placeholder,placeholder,placeholder,placeholder,race_car,race_car
race_car,placeholder,placeholder,placeholder,race_car,race_car,race_car,race_car,placeholder,placeholder,placeholder,placeholder,race_car,race_car
race_car,placeholder,placeholder,placeholder,placeholder,placeholder,race_car,race_car,placeholder,placeholder,placeholder,placeholder,race_car,race_car
race_car,placeholder,placeholder,placeholder,placeholder,placeholder,placeholder,placeholder,placeholder,placeholder,placeholder,placeholder,race_car,race_car
race_car,placeholder,placeholder,placeholder,placeholder,placeholder,placeholder,placeholder,placeholder,placeholder,placeholder,placeholder,race_car,race_car
race_car,placeholder,placeholder,placeholder,placeholder,placeholder,placeholder,placeholder,placeholder,placeholder,placeholder,placeholder,race_car,race_car
race_car,race_car,race_car,race_car,placeholder,placeholder,placeholder,placeholder,placeholder,placeholder,placeholder,placeholder,race_car,race_car
race_car,race_car,race_car,race_car,placeholder,placeholder,placeholder,placeholder,placeholder,placeholder,placeholder,placeholder,race_car,race_car
race_car,race_car,race_car,race_car,race_car,race_car,race_car,race_car,race_car,race_car,race_car,race_car,race_car,race_car
race_car,race_car,race_car,race_car,race_car,race_car,race_car,race_car,race_car,race_car,race_car,race_car,race_car,race_car
race_car,race_car,race_car,race_car,race_car,race_car,race_car,race_car,race_car,race_car,race_car,race_car,race_car,race_car
